<?xml version="1.0" encoding="UTF-8"?>
<project-private xmlns="http://www.netbeans.org/ns/project-private/1">
    <editor-bookmarks xmlns="http://www.netbeans.org/ns/editor-bookmarks/2" lastBookmarkId="0"/>
    <open-files xmlns="http://www.netbeans.org/ns/projectui-open-files/2">
        <group>
            <file>file:/F:/pdoo/2015-2016/practicas/P5/pruebasBasicasIUJava/src/pruebasBasicas/PruebasLayout.java</file>
            <file>file:/F:/pdoo/2015-2016/practicas/P5/pruebasBasicasIUJava/src/pruebasBasicas/BotonSaluda.java</file>
            <file>file:/F:/pdoo/2015-2016/practicas/P5/pruebasBasicasIUJava/src/pruebasBasicas/Nuevo.java</file>
            <file>file:/F:/pdoo/2015-2016/practicas/P5/pruebasBasicasIUJava/src/pruebasBasicas/leer.txt</file>
            <file>file:/F:/pdoo/2015-2016/practicas/P5/pruebasBasicasIUJava/src/pruebasBasicas/VariosMenus.java</file>
            <file>file:/F:/pdoo/2015-2016/practicas/P5/pruebasBasicasIUJava/src/pruebasBasicas/Hola.java</file>
            <file>file:/F:/pdoo/2015-2016/practicas/P5/pruebasBasicasIUJava/src/pruebasBasicas/DosBotonesUnTexto.java</file>
        </group>
    </open-files>
</project-private>
